{
    "$schema": "https://schema.management.azure.com/schemas/2019-04-01/deploymentTemplate.json#",
    "contentVersion": "1.0.0.0",
    "parameters": {
        "PlaybookName": {
            "defaultValue": "offHourRemediateRiskyUser",
            "type": "string"
        }
    },
    "variables": {
        "AzureadipConnectionName": "[concat('Azureadip-', parameters('PlaybookName'))]",
        "Office365ConnectionName": "[concat('Office365-', parameters('PlaybookName'))]"
    },
    "resources": [
        {
            "properties": {
                "provisioningState": "Succeeded",
                "state": "Enabled",
                "definition": {
                    "$schema": "https://schema.management.azure.com/providers/Microsoft.Logic/schemas/2016-06-01/workflowdefinition.json#",
                    "contentVersion": "1.0.0.0",
                    "parameters": {
                        "$connections": {
                        "defaultValue": {},
                        "type": "Object"
                    }
                },
                "triggers": {
                    "manual": {
                        "type": "Request",
                        "kind": "Http",
                        "inputs": {
                            "schema": {
                                "properties": {
                                    "aadUserID": {
                                        "type": "string"
                                    },
                                    "accountName": {
                                        "type": "string"
                                    },
                                    "alertTitle": {
                                        "type": "string"
                                    }
                                },
                                "type": "object"
                            }
                        }
                    }
                },
                "actions": {
                    "Confirm_a_risky_user_as_compromised": {
                    "runAfter": {},
                    "type": "ApiConnection",
                    "inputs": {
                        "body": {
                            "userIds": [
                                "@triggerBody()?['aadUserID']"
                            ]
                        },
                        "host": {
                            "connection": {
                                "name": "@parameters('$connections')['azureadip']['connectionId']"
                            }
                        },
                        "method": "post",
                        "path": "/beta/riskyUsers/confirmCompromised"
                    }
                },
                "Send_an_email_(V2)": {
                    "runAfter": {
                        "Confirm_a_risky_user_as_compromised": [
                            "Succeeded"
                        ]
                    },
                    "type": "ApiConnection",
                    "inputs": {
                        "body": {
                            "Body": "<p>User : @{triggerBody()?['accountName']}<br>\nIncident : @{triggerBody()?['alertTitle']}</p>",
                            "Cc": "noc-auditors@nasboces.org",
                            "Importance": "Normal",
                            "Subject": "The Incident @{triggerBody()?['alertTitle']} Flagged @{triggerBody()?['accountName']} as a Risky User.",
                            "To": "securityincidents@syossetschools.org"
                        },
                        "host": {
                            "connection": {
                                "name": "@parameters('$connections')['office365']['connectionId']"
                            }
                        },
                        "method": "post",
                        "path": "/v2/Mail"
                    }
                }
            },
        "outputs": {}
    },
    "parameters": {
        "$connections": {
            "value": {
                "azureadip": {
                    "connectionId": "[resourceId('Microsoft.Web/connections', variables('AzureadipConnectionName'))]",
                    "connectionName": "[variables('AzureadipConnectionName')]",
                    "id": "[concat('/subscriptions/', subscription().subscriptionId, '/providers/Microsoft.Web/locations/', resourceGroup().location, '/managedApis/Azureadip')]"
                },
                "office365": {
                    "connectionId": "[resourceId('Microsoft.Web/connections', variables('Office365ConnectionName'))]",
                    "connectionName": "[variables('Office365ConnectionName')]",
                    "id": "[concat('/subscriptions/', subscription().subscriptionId, '/providers/Microsoft.Web/locations/', resourceGroup().location, '/managedApis/Office365')]"
                }
            }
        }
    }
},
"name": "[parameters('PlaybookName')]",
"type": "Microsoft.Logic/workflows",
"location": "[resourceGroup().location]",
"identity": {
    "type": "SystemAssigned"
},
"apiVersion": "2017-07-01",
"dependsOn": [
    "[resourceId('Microsoft.Web/connections', variables('AzureadipConnectionName'))]",
    "[resourceId('Microsoft.Web/connections', variables('Office365ConnectionName'))]"
]
},
{
"type": "Microsoft.Web/connections",
"apiVersion": "2016-06-01",
"name": "[variables('AzureadipConnectionName')]",
"location": "[resourceGroup().location]",
"kind": "V1",
"properties": {
    "displayName": "[variables('AzureadipConnectionName')]",
"customParameterValues": {},
"api": {
    "id": "[concat('/subscriptions/', subscription().subscriptionId, '/providers/Microsoft.Web/locations/', resourceGroup().location, '/managedApis/Azureadip')]"
}
}
},
{
"type": "Microsoft.Web/connections",
"apiVersion": "2016-06-01",
"name": "[variables('Office365ConnectionName')]",
"location": "[resourceGroup().location]",
"kind": "V1",
"properties": {
"displayName": "[variables('Office365ConnectionName')]",
"customParameterValues": {},
"api": {
"id": "[concat('/subscriptions/', subscription().subscriptionId, '/providers/Microsoft.Web/locations/', resourceGroup().location, '/managedApis/Office365')]"
}
}
}
]
}
