{
    "$schema": "https://schema.management.azure.com/schemas/2019-04-01/deploymentTemplate.json#",
    "contentVersion": "1.0.0.0",
    "parameters": {
        "PlaybookName": {
            "defaultValue": "off_Hour_Remediate",
            "type": "string"
        }
    },
    "variables": {
        "MicrosoftSentinelConnectionName": "[concat('MicrosoftSentinel-', parameters('PlaybookName'))]",
        "KeyvaultConnectionName": "[concat('Keyvault-', parameters('PlaybookName'))]"
    },
    "resources": [
        {
            "properties": {
                "provisioningState": "Succeeded",
                "state": "Enabled",
                "definition": {
                    "$schema": "https://schema.management.azure.com/providers/Microsoft.Logic/schemas/2016-06-01/workflowdefinition.json#",
                    "contentVersion": "1.0.0.0",
                    "parameters": {
                        "$connections": {
                        "defaultValue": {},
                        "type": "Object"
                    }
                },
                "triggers": {
                    "Microsoft_Sentinel_incident": {
                        "type": "ApiConnectionWebhook",
                        "inputs": {
                            "body": {
                                "callback_url": "@{listCallbackUrl()}"
                            },
                            "host": {
                                "connection": {
                                    "name": "@parameters('$connections')['azuresentinel']['connectionId']"
                                }
                            },
                            "path": "/incident-creation"
                        }
                    }
                },
                "actions": {
                    "Entities_-_Get_Accounts": {
                    "runAfter": {},
                    "type": "ApiConnection",
                    "inputs": {
                        "body": "@triggerBody()?['object']?['properties']?['relatedEntities']",
                        "host": {
                            "connection": {
                                "name": "@parameters('$connections')['azuresentinel']['connectionId']"
                            }
                        },
                        "method": "post",
                        "path": "/entities/account"
                    }
                },
                "Entities_-_Get_Hosts": {
                    "runAfter": {
                        "Entities_-_Get_Accounts": [
                            "Succeeded"
                        ]
                    },
                    "type": "ApiConnection",
                    "inputs": {
                        "body": "@triggerBody()?['object']?['properties']?['relatedEntities']",
                        "host": {
                            "connection": {
                                "name": "@parameters('$connections')['azuresentinel']['connectionId']"
                            }
                        },
                        "method": "post",
                        "path": "/entities/host"
                    }
                },
                "Extended_Properties": {
                    "runAfter": {
                        "Initialize_Cloud_APP": [
                            "Succeeded"
                        ]
                    },
                    "type": "InitializeVariable",
                    "inputs": {
                        "variables": [
                            {
                                "name": "extendedProperties",
                                "type": "string"
                            }
                        ]
                    }
                },
                "For_each": {
                    "foreach": "@triggerBody()?['object']?['properties']?['Alerts']",
                    "actions": {
                        "Compose": {
                            "runAfter": {
                                "Parse_JSON": [
                                    "Succeeded"
                                ]
                            },
                            "type": "Compose",
                            "inputs": "@triggerBody()?['object']?['properties']?['relatedEntities']"
                        },
                        "Condition_3": {
                            "actions": {
                                "For_each_5": {
                                    "foreach": "@body('Entities_-_Get_Accounts')?['Accounts']",
                                    "actions": {
                                        "Get_secret": {
                                        "runAfter": {},
                                        "type": "ApiConnection",
                                        "inputs": {
                                            "host": {
                                                "connection": {
                                                    "name": "@parameters('$connections')['keyvault']['connectionId']"
                                                }
                                            },
                                            "method": "get",
                                            "path": "/secrets/@{encodeURIComponent('googleRemediationApiKey')}/value"
                                        }
                                    },
                                    "Google_Remediate_User": {
                                        "runAfter": {
                                            "Get_secret": [
                                                "Succeeded"
                                            ]
                                        },
                                        "type": "Http",
                                        "inputs": {
                                            "body": {
                                                "action": "remediateUser",
                                                "emailAddress": "@items('For_each_5')?['Name']",
                                                "key": "@body('Get_secret')?['value']",
                                                "sentinelID": "@triggerBody()?['workspaceInfo']?['WorkspaceName']"
                                            },
                                            "method": "POST",
                                            "uri": "https://googleremediationapi.azurewebsites.net/api/retrieveGoogleRemediationCall?code=CqVRaJjQ5XQMKA70hGecP85n_NDV_PeMOl66D6azxQ6lAzFueMfD6A=="
                                        }
                                    }
                                },
                            "runAfter": {},
                            "type": "Foreach"
                        }
                    },
                    "runAfter": {
                        "Set_variable_2": [
                            "Succeeded"
                        ]
                    },
                    "else": {
                        "actions": {
                            "For_each_2": {
                                "foreach": "@body('Entities_-_Get_Accounts')?['Accounts']",
                                "actions": {
                                    "Azure_Remediate_User": {
                                    "runAfter": {},
                                    "type": "Http",
                                    "inputs": {
                                        "body": {
                                            "aadUserID": "@items('For_each_2')?['AadUserId']",
                                            "accountName": "@items('For_each_2')?['Name']",
                                            "alertTitle": "@variables('alertTitle')"
                                        },
                                        "method": "POST",
                                        "uri": "https://prod-26.eastus2.logic.azure.com:443/workflows/8ab45e320f464cf89598d445a8464490/triggers/manual/paths/invoke?api-version=2016-10-01&sp=%2Ftriggers%2Fmanual%2Frun&sv=1.0&sig=GLbKgWJLDVzqSPSiDe7HNVkeg5YOu6rPyA-JhWAp2oU"
                                    }
                                }
                            },
                        "runAfter": {},
                        "type": "Foreach"
                    }
                }
            },
            "expression": {
                "or": [
                    {
                        "contains": [
                            "@variables('extendedProperties')",
                            "G Suite"
                        ]
                    },
                    {
                        "contains": [
                            "@body('Parse_JSON')?['AlertName']",
                            "Google"
                        ]
                    },
                    {
                        "contains": [
                            "@variables('extendedProperties')",
                            "Google Workspace"
                        ]
                    },
                    {
                        "contains": [
                            "@variables('Cloud App')",
                            "G Suite"
                        ]
                    }
                ]
            },
            "type": "If"
        },
        "For_each_3": {
            "foreach": "@body('Entities_-_Get_Hosts')?['Hosts']",
            "actions": {
                "HTTP_2": {
                "runAfter": {},
                "type": "Http",
                "inputs": {
                    "body": {
                        "alertTitle": "@variables('alertTitle')",
                        "domainSuffix": "@items('For_each_3')?['DnsDomain']",
                        "hostName": "@items('For_each_3')?['HostName']"
                    },
                    "method": "POST",
                    "uri": "https://prod-61.eastus2.logic.azure.com:443/workflows/387d8e88fe9d48178f49395f1cd9efc9/triggers/manual/paths/invoke?api-version=2016-10-01&sp=%2Ftriggers%2Fmanual%2Frun&sv=1.0&sig=_1eXMTJ1HvkpTl5hK9nFe3t43WGAHM46ErgPrNbCa7I"
                }
            }
        },
        "runAfter": {
            "Set_variable_2": [
                "Succeeded"
            ]
        },
        "type": "Foreach"
    },
    "For_each_4": {
        "foreach": "@body('Parse_JSON_2')",
        "actions": {
            "Set_variable_3": {
            "runAfter": {},
            "type": "SetVariable",
            "inputs": {
                "name": "Cloud App",
                "value": "@items('For_each_4')?['properties']?['appName']"
            }
        }
    },
    "runAfter": {
        "Parse_JSON_2": [
            "Succeeded"
        ]
    },
    "type": "Foreach"
},
"Parse_JSON": {
"runAfter": {},
"type": "ParseJson",
"inputs": {
    "content": "@items('For_each')?['properties']?['additionalData']?['Custom Details']",
    "schema": {
        "properties": {
            "AlertName": {
                "items": {
                    "type": "string"
                },
                "type": "array"
            },
            "ExtendedProperties": {
                "items": {
                    "type": "string"
                },
                "type": "array"
            }
        },
        "type": "object"
    }
}
},
"Parse_JSON_2": {
"runAfter": {
    "Compose": [
        "Succeeded"
    ]
},
"type": "ParseJson",
"inputs": {
    "content": "@outputs('Compose')",
    "schema": {
        "items": {
            "properties": {
                "id": {
                    "type": "string"
                },
                "kind": {
                    "type": "string"
                },
                "properties": {
                    "properties": {
                        "appId": {
                            "type": "integer"
                        },
                        "appName": {
                            "type": "string"
                        },
                        "friendlyName": {
                            "type": "string"
                        }
                    },
                    "type": "object"
                },
                "type": {
                    "type": "string"
                }
            },
            "required": [
                "id",
                "type",
                "kind",
                "properties"
            ],
            "type": "object"
        },
        "type": "array"
    }
}
},
"Set_variable": {
"runAfter": {
    "For_each_4": [
        "Succeeded"
    ]
},
"type": "SetVariable",
"inputs": {
    "name": "alertTitle",
    "value": "@{body('Parse_JSON')?['AlertName']}"
}
},
"Set_variable_2": {
"runAfter": {
    "Set_variable": [
        "Succeeded"
    ]
},
"type": "SetVariable",
"inputs": {
    "name": "extendedProperties",
    "value": "@{body('Parse_JSON')?['ExtendedProperties']}"
}
}
},
"runAfter": {
"Extended_Properties": [
"Succeeded"
]
},
"type": "Foreach"
},
"Initialize_Cloud_APP": {
"runAfter": {
"Initialize_variable": [
"Succeeded"
]
},
"type": "InitializeVariable",
"inputs": {
"variables": [
{
    "name": "Cloud App",
    "type": "string"
}
]
}
},
"Initialize_variable": {
"runAfter": {
"Entities_-_Get_Hosts": [
"Succeeded"
]
},
"type": "InitializeVariable",
"inputs": {
"variables": [
{
    "name": "alertTitle",
    "type": "string"
}
]
}
}
},
"outputs": {}
},
"parameters": {
"$connections": {
"value": {
"azuresentinel": {
"connectionId": "[resourceId('Microsoft.Web/connections', variables('MicrosoftSentinelConnectionName'))]",
"connectionName": "[variables('MicrosoftSentinelConnectionName')]",
"id": "[concat('/subscriptions/', subscription().subscriptionId, '/providers/Microsoft.Web/locations/', resourceGroup().location, '/managedApis/Azuresentinel')]",
"connectionProperties": {
"authentication": {
"type": "ManagedServiceIdentity"
}
}
},
"keyvault": {
"connectionId": "[resourceId('Microsoft.Web/connections', variables('KeyvaultConnectionName'))]",
"connectionName": "[variables('KeyvaultConnectionName')]",
"id": "[concat('/subscriptions/', subscription().subscriptionId, '/providers/Microsoft.Web/locations/', resourceGroup().location, '/managedApis/Keyvault')]",
"connectionProperties": {
"authentication": {
"type": "ManagedServiceIdentity"
}
}
}
}
}
}
},
"name": "[parameters('PlaybookName')]",
"type": "Microsoft.Logic/workflows",
"location": "[resourceGroup().location]",
"identity": {
"type": "SystemAssigned"
},
"apiVersion": "2017-07-01",
"dependsOn": [
"[resourceId('Microsoft.Web/connections', variables('MicrosoftSentinelConnectionName'))]",
"[resourceId('Microsoft.Web/connections', variables('KeyvaultConnectionName'))]"
]
},
{
"type": "Microsoft.Web/connections",
"apiVersion": "2016-06-01",
"name": "[variables('MicrosoftSentinelConnectionName')]",
"location": "[resourceGroup().location]",
"kind": "V1",
"properties": {
"displayName": "[variables('MicrosoftSentinelConnectionName')]",
"customParameterValues": {},
"parameterValueType": "Alternative",
"api": {
"id": "[concat('/subscriptions/', subscription().subscriptionId, '/providers/Microsoft.Web/locations/', resourceGroup().location, '/managedApis/Azuresentinel')]"
}
}
},
{
"type": "Microsoft.Web/connections",
"apiVersion": "2016-06-01",
"name": "[variables('KeyvaultConnectionName')]",
"location": "[resourceGroup().location]",
"kind": "V1",
"properties": {
"displayName": "[variables('KeyvaultConnectionName')]",
"customParameterValues": {},
"parameterValueType": "Alternative",
"api": {
"id": "[concat('/subscriptions/', subscription().subscriptionId, '/providers/Microsoft.Web/locations/', resourceGroup().location, '/managedApis/Keyvault')]"
}
}
}
]
}
