{
    "$schema": "https://schema.management.azure.com/schemas/2019-04-01/deploymentTemplate.json#",
    "contentVersion": "1.0.0.0",
    "parameters": {
        "PlaybookName": {
            "defaultValue": "offHourRemediateIsolateMachine",
            "type": "string"
        }
    },
    "variables": {
        "AzuremonitorlogsConnectionName": "[concat('Azuremonitorlogs-', parameters('PlaybookName'))]",
        "Office365ConnectionName": "[concat('Office365-', parameters('PlaybookName'))]",
        "WdatpConnectionName": "[concat('Wdatp-', parameters('PlaybookName'))]"
    },
    "resources": [
        {
            "properties": {
                "provisioningState": "Succeeded",
                "state": "Enabled",
                "definition": {
                    "$schema": "https://schema.management.azure.com/providers/Microsoft.Logic/schemas/2016-06-01/workflowdefinition.json#",
                    "contentVersion": "1.0.0.0",
                    "parameters": {
                        "$connections": {
                        "defaultValue": {},
                        "type": "Object"
                    }
                },
                "triggers": {
                    "manual": {
                        "type": "Request",
                        "kind": "Http",
                        "inputs": {
                            "schema": {
                                "properties": {
                                    "alertTitle": {
                                        "type": "string"
                                    },
                                    "domainSuffix": {
                                        "type": "string"
                                    },
                                    "hostName": {
                                        "type": "string"
                                    }
                                },
                                "type": "object"
                            }
                        }
                    }
                },
                "actions": {
                    "Condition": {
                        "actions": {
                            "Actions_-_Isolate_machine": {
                                "runAfter": {
                                    "Machines_-_Get_single_machine": [
                                        "Succeeded"
                                    ]
                                },
                                "type": "ApiConnection",
                                "inputs": {
                                    "body": {
                                        "Comment": "@triggerBody()?['alertTitle']",
                                        "IsolationType": "Full"
                                    },
                                    "host": {
                                        "connection": {
                                            "name": "@parameters('$connections')['wdatp']['connectionId']"
                                        }
                                    },
                                    "method": "post",
                                    "path": "/api/machines/@{encodeURIComponent(body('Machines_-_Get_single_machine')?['id'])}/isolate"
                                }
                            },
                            "Machines_-_Get_single_machine": {
                            "runAfter": {},
                            "type": "ApiConnection",
                            "inputs": {
                                "host": {
                                    "connection": {
                                        "name": "@parameters('$connections')['wdatp']['connectionId']"
                                    }
                                },
                                "method": "get",
                                "path": "/api/machines/@{encodeURIComponent(triggerBody()?['hostName'])}"
                            }
                        },
                        "Send_an_email_(V2)": {
                            "runAfter": {
                                "Actions_-_Isolate_machine": [
                                    "Succeeded"
                                ]
                            },
                            "type": "ApiConnection",
                            "inputs": {
                                "body": {
                                    "Body": "<p>Machine ID : @{body('Machines_-_Get_single_machine')?['id']}<br>\nAlert Title : @{triggerBody()?['alertTitle']}<br>\nIsolated Machine : @{triggerBody()?['hostName']}</p>",
                                    "Cc": "NOC-Auditors@nasboces.org",
                                    "Importance": "Normal",
                                    "Subject": "The Incident @{triggerBody()?['alertTitle']} Isolated @{triggerBody()?['hostName']}",
                                    "To": "securityincidents@syossetschools.org"
                                },
                                "host": {
                                    "connection": {
                                        "name": "@parameters('$connections')['office365']['connectionId']"
                                    }
                                },
                                "method": "post",
                                "path": "/v2/Mail"
                            }
                        }
                    },
                    "runAfter": {
                        "Parse_JSON": [
                            "Succeeded"
                        ]
                    },
                    "else": {
                        "actions": {
                            "Actions_-_Isolate_machine_2": {
                                "runAfter": {
                                    "Machines_-_Get_single_machine_2": [
                                        "Succeeded"
                                    ]
                                },
                                "type": "ApiConnection",
                                "inputs": {
                                    "body": {
                                        "Comment": "@triggerBody()?['alertTitle']",
                                        "IsolationType": "Full"
                                    },
                                    "host": {
                                        "connection": {
                                            "name": "@parameters('$connections')['wdatp']['connectionId']"
                                        }
                                    },
                                    "method": "post",
                                    "path": "/api/machines/@{encodeURIComponent(body('Machines_-_Get_single_machine_2')?['id'])}/isolate"
                                }
                            },
                            "Composed_FQDN_Hostname": {
                                "runAfter": {
                                    "Domain_Suffix": [
                                        "Succeeded"
                                    ]
                                },
                                "type": "Compose",
                                "inputs": "@concat(outputs('Composed_Hostname'),outputs('dot'),outputs('Domain_Suffix'))"
                            },
                            "Composed_Hostname": {
                            "runAfter": {},
                            "type": "Compose",
                            "inputs": "@triggerBody()?['hostName']"
                        },
                        "Domain_Suffix": {
                            "runAfter": {
                                "dot": [
                                    "Succeeded"
                                ]
                            },
                            "type": "Compose",
                            "inputs": "@triggerBody()?['domainSuffix']"
                        },
                        "Machines_-_Get_single_machine_2": {
                            "runAfter": {
                                "Composed_FQDN_Hostname": [
                                    "Succeeded"
                                ]
                            },
                            "type": "ApiConnection",
                            "inputs": {
                                "host": {
                                    "connection": {
                                        "name": "@parameters('$connections')['wdatp']['connectionId']"
                                    }
                                },
                                "method": "get",
                                "path": "/api/machines/@{encodeURIComponent(outputs('Composed_FQDN_Hostname'))}"
                            }
                        },
                        "Send_an_email_(V2)_2": {
                            "runAfter": {
                                "Actions_-_Isolate_machine_2": [
                                    "Succeeded"
                                ]
                            },
                            "type": "ApiConnection",
                            "inputs": {
                                "body": {
                                    "Body": "<p>Machine ID : @{body('Machines_-_Get_single_machine_2')?['id']}<br>\nAlert Title : @{triggerBody()?['alertTitle']}<br>\nIsolated Machine : @{triggerBody()?['hostName']}</p>",
                                    "Cc": "NOC-Auditors@nasboces.org",
                                    "Importance": "Normal",
                                    "Subject": "The Incident @{triggerBody()?['alertTitle']} Isolated @{triggerBody()?['hostName']}",
                                    "To": "securityincidents@syossetschools.org"
                                },
                                "host": {
                                    "connection": {
                                        "name": "@parameters('$connections')['office365']['connectionId']"
                                    }
                                },
                                "method": "post",
                                "path": "/v2/Mail"
                            }
                        },
                        "dot": {
                            "runAfter": {
                                "Composed_Hostname": [
                                    "Succeeded"
                                ]
                            },
                            "type": "Compose",
                            "inputs": "."
                        }
                    }
                },
                "expression": {
                    "and": [
                        {
                            "equals": [
                                "@body('Parse_JSON')['value'][0].IsAzureADJoined",
                                "@bool('true')"
                            ]
                        }
                    ]
                },
                "type": "If"
            },
            "Parse_JSON": {
                "runAfter": {
                    "Run_query_and_list_results": [
                        "Succeeded"
                    ]
                },
                "type": "ParseJson",
                "inputs": {
                    "content": "@body('Run_query_and_list_results')",
                    "schema": {
                        "$schema": "http://json-schema.org/draft-04/schema#",
                        "properties": {
                            "value": {
                                "items": [
                                    {
                                        "properties": {
                                            "IsAzureADJoined": {
                                                "type": "boolean"
                                            }
                                        },
                                        "required": [
                                            "IsAzureADJoined"
                                        ],
                                        "type": "object"
                                    }
                                ],
                                "type": "array"
                            }
                        },
                        "required": [
                            "value"
                        ],
                        "type": "object"
                    }
                }
            },
            "Run_query_and_list_results": {
            "runAfter": {},
            "type": "ApiConnection",
            "inputs": {
                "body": "DeviceInfo\n| where DeviceName contains \"@{triggerBody()?['hostName']}\"\n| distinct IsAzureADJoined",
                "host": {
                    "connection": {
                        "name": "@parameters('$connections')['azuremonitorlogs']['connectionId']"
                    }
                },
                "method": "post",
                "path": "/queryData",
                "queries": {
                    "resourcegroups": "syo-Sentinel-RG1",
                    "resourcename": "SYO-Sentinel",
                    "resourcetype": "Log Analytics Workspace",
                    "subscriptions": "5156ef42-5e8f-4390-8745-8eb1281b30f4",
                    "timerange": "Last 24 hours"
                }
            }
        }
    },
"outputs": {}
},
"parameters": {
"$connections": {
    "value": {
        "azuremonitorlogs": {
            "connectionId": "[resourceId('Microsoft.Web/connections', variables('AzuremonitorlogsConnectionName'))]",
            "connectionName": "[variables('AzuremonitorlogsConnectionName')]",
            "id": "[concat('/subscriptions/', subscription().subscriptionId, '/providers/Microsoft.Web/locations/', resourceGroup().location, '/managedApis/Azuremonitorlogs')]"
        },
        "office365": {
            "connectionId": "[resourceId('Microsoft.Web/connections', variables('Office365ConnectionName'))]",
            "connectionName": "[variables('Office365ConnectionName')]",
            "id": "[concat('/subscriptions/', subscription().subscriptionId, '/providers/Microsoft.Web/locations/', resourceGroup().location, '/managedApis/Office365')]"
        },
        "wdatp": {
            "connectionId": "[resourceId('Microsoft.Web/connections', variables('WdatpConnectionName'))]",
            "connectionName": "[variables('WdatpConnectionName')]",
            "id": "[concat('/subscriptions/', subscription().subscriptionId, '/providers/Microsoft.Web/locations/', resourceGroup().location, '/managedApis/Wdatp')]",
            "connectionProperties": {
                "authentication": {
                    "type": "ManagedServiceIdentity"
                }
            }
        }
    }
}
}
},
"name": "[parameters('PlaybookName')]",
"type": "Microsoft.Logic/workflows",
"location": "[resourceGroup().location]",
"identity": {
"type": "SystemAssigned"
},
"apiVersion": "2017-07-01",
"dependsOn": [
"[resourceId('Microsoft.Web/connections', variables('AzuremonitorlogsConnectionName'))]",
"[resourceId('Microsoft.Web/connections', variables('Office365ConnectionName'))]",
"[resourceId('Microsoft.Web/connections', variables('WdatpConnectionName'))]"
]
},
{
"type": "Microsoft.Web/connections",
"apiVersion": "2016-06-01",
"name": "[variables('AzuremonitorlogsConnectionName')]",
"location": "[resourceGroup().location]",
"kind": "V1",
"properties": {
"displayName": "[variables('AzuremonitorlogsConnectionName')]",
"customParameterValues": {},
"api": {
"id": "[concat('/subscriptions/', subscription().subscriptionId, '/providers/Microsoft.Web/locations/', resourceGroup().location, '/managedApis/Azuremonitorlogs')]"
}
}
},
{
"type": "Microsoft.Web/connections",
"apiVersion": "2016-06-01",
"name": "[variables('Office365ConnectionName')]",
"location": "[resourceGroup().location]",
"kind": "V1",
"properties": {
"displayName": "[variables('Office365ConnectionName')]",
"customParameterValues": {},
"api": {
"id": "[concat('/subscriptions/', subscription().subscriptionId, '/providers/Microsoft.Web/locations/', resourceGroup().location, '/managedApis/Office365')]"
}
}
},
{
"type": "Microsoft.Web/connections",
"apiVersion": "2016-06-01",
"name": "[variables('WdatpConnectionName')]",
"location": "[resourceGroup().location]",
"kind": "V1",
"properties": {
"displayName": "[variables('WdatpConnectionName')]",
"customParameterValues": {},
"parameterValueType": "Alternative",
"api": {
"id": "[concat('/subscriptions/', subscription().subscriptionId, '/providers/Microsoft.Web/locations/', resourceGroup().location, '/managedApis/Wdatp')]"
}
}
}
]
}
